,job_title
0,Research Scientist
1,Data Scientist
2,Data Scientist
3,Data Scientist
4,Data Engineer
5,Data Engineer
6,Data Engineer
7,Data Engineer
8,Data Scientist
9,Data Scientist
10,Applied Scientist
11,Applied Scientist
12,Machine Learning Engineer
13,Machine Learning Engineer
14,Data Analyst
15,Data Analyst
16,Machine Learning Engineer
17,Machine Learning Engineer
18,Data Analyst
19,Data Analyst
20,Data Engineer
21,Data Engineer
22,Data Engineer
23,Data Engineer
24,Data Analyst
25,Data Analyst
26,Data Analyst
27,Data Analyst
28,Data Scientist
31,Applied Scientist
32,Applied Scientist
37,Machine Learning Engineer
38,Machine Learning Engineer
39,Data Scientist
40,Data Scientist
41,Data Scientist
42,Data Scientist
45,Data Engineer
46,Data Engineer
47,Analytics Engineer
48,Analytics Engineer
49,Applied Scientist
50,Applied Scientist
51,Data Scientist
52,Data Scientist
53,Data Scientist
54,Data Scientist
55,Data Engineer
56,Data Engineer
57,Machine Learning Engineer
58,Machine Learning Engineer
59,Data Engineer
60,Data Engineer
61,Data Scientist
62,Data Scientist
63,Data Analyst
64,Data Analyst
65,Research Scientist
66,Research Scientist
67,Data Engineer
68,Data Engineer
69,Data Scientist
70,Data Scientist
71,Data Analyst
72,Data Analyst
73,Data Analyst
74,Data Analyst
75,Data Analyst
76,Data Analyst
77,Machine Learning Engineer
78,Machine Learning Engineer
81,Data Engineer
82,Data Engineer
83,Data Scientist
84,Data Scientist
85,Data Architect
86,Data Architect
91,Data Analyst
92,Applied Scientist
93,Applied Scientist
94,Data Analyst
95,Data Analyst
96,Data Analyst
97,Data Analyst
98,Data Engineer
99,Data Engineer
100,Machine Learning Engineer
101,Machine Learning Engineer
102,Research Scientist
103,Research Scientist
104,Data Scientist
105,Data Scientist
106,Data Engineer
107,Data Engineer
108,Machine Learning Engineer
109,Machine Learning Engineer
110,Machine Learning Engineer
111,Machine Learning Engineer
112,Data Engineer
113,Data Engineer
114,Applied Scientist
115,Applied Scientist
116,Data Engineer
117,Data Engineer
118,Data Engineer
119,Data Engineer
120,Data Engineer
121,Data Engineer
122,Machine Learning Engineer
123,Machine Learning Engineer
124,Research Scientist
125,Research Scientist
126,Data Engineer
127,Data Engineer
130,Data Engineer
131,Data Engineer
134,Data Engineer
135,Data Engineer
141,Data Analyst
142,Data Analyst
143,Machine Learning Engineer
144,Machine Learning Engineer
145,Data Engineer
146,Data Engineer
147,Data Analyst
148,Data Analyst
149,Data Analyst
150,Data Analyst
151,Machine Learning Engineer
152,Machine Learning Engineer
153,Data Scientist
154,Data Scientist
155,Data Scientist
156,Data Scientist
157,Data Scientist
158,Data Scientist
159,Machine Learning Engineer
160,Machine Learning Engineer
163,Data Scientist
164,Data Scientist
165,Data Scientist
166,Data Scientist
167,Machine Learning Engineer
168,Machine Learning Engineer
169,Data Scientist
170,Data Scientist
171,Data Scientist
172,Data Scientist
173,Data Scientist
174,Data Scientist
175,Machine Learning Engineer
176,Machine Learning Engineer
177,Machine Learning Engineer
178,Machine Learning Engineer
179,Data Engineer
180,Data Engineer
185,Data Engineer
186,Data Engineer
187,Data Analyst
188,Data Analyst
189,Data Architect
190,Data Architect
191,Data Scientist
192,Data Scientist
193,Data Architect
194,Data Architect
195,Data Analyst
196,Data Analyst
197,Data Engineer
198,Data Engineer
199,Data Analyst
200,Data Analyst
201,Data Scientist
202,Data Scientist
203,Data Scientist
204,Data Scientist
205,Data Scientist
206,Data Scientist
207,Data Engineer
208,Data Engineer
209,Data Scientist
210,Data Scientist
211,Machine Learning Engineer
212,Machine Learning Engineer
213,Data Engineer
214,Data Engineer
215,Data Scientist
216,Data Scientist
217,Data Analyst
218,Data Analyst
219,Data Analyst
220,Data Analyst
223,Applied Scientist
224,Applied Scientist
225,Data Scientist
226,Data Scientist
227,Data Engineer
228,Data Engineer
233,Data Analyst
234,Data Analyst
235,Data Engineer
236,Data Engineer
237,Data Scientist
238,Data Scientist
239,Data Analyst
240,Data Analyst
241,Data Analyst
242,Data Analyst
243,Data Engineer
244,Data Engineer
245,Data Engineer
246,Data Engineer
247,Data Engineer
248,Data Engineer
253,Data Scientist
254,Data Scientist
255,Data Scientist
256,Data Scientist
257,Machine Learning Engineer
258,Machine Learning Engineer
259,Data Scientist
260,Data Scientist
263,Analytics Engineer
264,Analytics Engineer
265,Data Science Manager
266,Data Science Manager
267,Data Scientist
268,Data Scientist
269,Data Engineer
270,Data Engineer
271,Data Scientist
272,Data Scientist
273,Data Engineer
274,Data Engineer
275,Analytics Engineer
276,Analytics Engineer
277,Applied Scientist
278,Applied Scientist
279,Data Engineer
280,Data Engineer
285,Applied Scientist
286,Applied Scientist
289,Data Architect
290,Data Architect
291,Data Analyst
292,Data Analyst
293,Research Scientist
294,Research Scientist
295,Research Scientist
296,Research Scientist
297,Data Analyst
298,Data Analyst
299,Applied Scientist
300,Applied Scientist
301,Data Analyst
302,Data Analyst
303,Data Engineer
304,Data Engineer
305,Data Scientist
306,Data Scientist
307,Data Engineer
308,Data Engineer
309,Data Analyst
310,Data Analyst
313,Data Analyst
314,Data Analyst
315,Machine Learning Engineer
316,Machine Learning Engineer
317,Research Scientist
318,Research Scientist
319,Applied Scientist
320,Applied Scientist
324,Research Scientist
325,Research Scientist
326,Data Engineer
327,Data Engineer
328,Machine Learning Engineer
329,Machine Learning Engineer
330,Data Engineer
331,Data Engineer
332,Data Engineer
333,Data Engineer
334,Data Scientist
335,Data Scientist
336,Data Science Manager
337,Data Science Manager
338,Data Scientist
339,Data Scientist
342,Data Scientist
343,Data Scientist
346,Data Engineer
347,Data Engineer
348,Analytics Engineer
349,Analytics Engineer
350,Data Scientist
351,Data Scientist
356,Data Analyst
357,Data Scientist
358,Data Engineer
359,Data Engineer
361,Data Scientist
362,Data Scientist
363,Data Engineer
364,Data Engineer
365,Data Scientist
366,Data Scientist
367,Data Scientist
368,Data Scientist
369,Data Engineer
370,Data Engineer
371,Applied Scientist
372,Applied Scientist
375,Data Analyst
376,Data Analyst
377,Machine Learning Engineer
378,Machine Learning Engineer
381,Data Engineer
382,Data Engineer
383,Machine Learning Engineer
384,Machine Learning Engineer
386,Data Analyst
387,Data Engineer
388,Data Engineer
389,Data Analyst
390,Data Analyst
391,Data Scientist
392,Data Scientist
393,Analytics Engineer
394,Analytics Engineer
395,Data Engineer
396,Data Engineer
401,Data Engineer
402,Data Engineer
403,Data Scientist
404,Data Scientist
405,Data Engineer
406,Data Engineer
407,Data Scientist
408,Data Scientist
409,Data Engineer
410,Data Engineer
411,Machine Learning Engineer
412,Machine Learning Engineer
413,Data Analyst
414,Data Analyst
415,Analytics Engineer
416,Analytics Engineer
419,Research Engineer
420,Research Engineer
421,Data Engineer
422,Data Engineer
425,Data Engineer
426,Data Engineer
427,Data Engineer
428,Data Engineer
429,Data Engineer
430,Data Engineer
431,Applied Scientist
432,Applied Scientist
433,Data Scientist
434,Data Scientist
435,Data Architect
436,Data Architect
437,Data Analyst
438,Data Analyst
439,Data Scientist
440,Data Scientist
444,Data Scientist
445,Data Analyst
446,Data Analyst
449,Data Scientist
450,Data Scientist
451,Data Engineer
452,Data Engineer
453,Machine Learning Engineer
454,Machine Learning Engineer
455,Research Engineer
456,Research Engineer
457,Data Scientist
458,Data Scientist
459,Data Scientist
460,Data Scientist
461,Analytics Engineer
462,Analytics Engineer
463,Data Architect
464,Data Architect
465,Data Analyst
466,Data Analyst
469,Data Scientist
470,Data Scientist
471,Data Engineer
472,Data Engineer
473,Data Analyst
474,Data Analyst
475,Applied Scientist
476,Applied Scientist
477,Data Analyst
478,Data Analyst
480,Data Scientist
481,Data Scientist
486,Data Analyst
487,Data Analyst
488,Data Engineer
489,Data Engineer
490,Research Engineer
491,Research Engineer
492,Applied Scientist
493,Applied Scientist
494,Data Scientist
495,Data Scientist
496,Machine Learning Engineer
497,Machine Learning Engineer
498,Applied Scientist
499,Applied Scientist
500,Data Scientist
501,Data Scientist
502,Data Analyst
503,Data Analyst
504,Data Scientist
505,Data Scientist
506,Applied Scientist
507,Applied Scientist
508,Data Engineer
509,Data Engineer
510,Research Engineer
514,Data Engineer
515,Data Engineer
516,Data Engineer
517,Data Engineer
518,Research Scientist
519,Research Scientist
520,Data Analyst
521,Data Analyst
524,Applied Scientist
525,Machine Learning Engineer
526,Machine Learning Engineer
529,Machine Learning Engineer
530,Machine Learning Engineer
531,Machine Learning Engineer
532,Machine Learning Engineer
533,Data Engineer
534,Data Engineer
539,Data Analyst
540,Data Analyst
541,Machine Learning Engineer
542,Machine Learning Engineer
545,Research Engineer
546,Research Engineer
547,Data Engineer
548,Data Engineer
549,Data Engineer
550,Data Engineer
551,Data Scientist
552,Data Scientist
553,Data Analyst
554,Data Analyst
555,Data Analyst
556,Data Analyst
557,Data Engineer
558,Data Engineer
559,Machine Learning Engineer
560,Machine Learning Engineer
561,Data Scientist
562,Data Scientist
563,Research Engineer
564,Research Engineer
565,Applied Scientist
566,Applied Scientist
569,Data Scientist
570,Data Scientist
571,Data Science Manager
572,Data Science Manager
573,Data Engineer
574,Data Engineer
575,Data Engineer
576,Data Engineer
577,Data Engineer
578,Data Engineer
581,Data Analyst
582,Data Analyst
583,Data Engineer
584,Data Engineer
585,Data Engineer
586,Data Engineer
587,Data Scientist
588,Data Scientist
589,Data Scientist
590,Data Scientist
591,Data Scientist
592,Data Scientist
593,Data Scientist
594,Data Scientist
595,Data Scientist
596,Data Scientist
597,Machine Learning Engineer
598,Machine Learning Engineer
599,Machine Learning Engineer
600,Machine Learning Engineer
601,Data Scientist
602,Data Scientist
603,Data Scientist
604,Data Scientist
605,Data Scientist
606,Data Scientist
607,Data Scientist
608,Data Scientist
609,Data Scientist
610,Data Scientist
611,Research Engineer
612,Research Engineer
613,Data Engineer
614,Data Engineer
615,Research Scientist
616,Research Scientist
617,Data Engineer
618,Data Engineer
619,Data Engineer
620,Data Engineer
621,Data Science Manager
622,Data Science Manager
625,Data Analyst
626,Data Analyst
631,Data Engineer
632,Data Engineer
633,Data Scientist
634,Data Scientist
635,Data Analyst
636,Data Analyst
640,Data Scientist
641,Data Scientist
642,Machine Learning Engineer
643,Machine Learning Engineer
648,Data Analyst
649,Data Analyst
650,Data Engineer
651,Data Engineer
653,Analytics Engineer
654,Data Engineer
655,Data Engineer
656,Research Scientist
657,Research Scientist
658,Analytics Engineer
659,Analytics Engineer
660,Data Scientist
661,Data Scientist
664,Data Analyst
665,Data Analyst
666,Machine Learning Engineer
667,Machine Learning Engineer
668,Machine Learning Engineer
669,Machine Learning Engineer
670,Research Engineer
671,Data Engineer
672,Data Engineer
675,Data Engineer
676,Data Engineer
677,Data Engineer
678,Data Engineer
679,Data Engineer
680,Data Engineer
681,Data Engineer
682,Data Engineer
684,Analytics Engineer
685,Analytics Engineer
686,Data Analyst
687,Data Analyst
688,Applied Scientist
689,Applied Scientist
690,Machine Learning Engineer
691,Machine Learning Engineer
692,Data Scientist
693,Data Scientist
694,Data Scientist
695,Data Scientist
696,Data Scientist
697,Data Scientist
698,Data Scientist
699,Data Scientist
700,Data Scientist
701,Data Scientist
702,Data Analyst
703,Data Analyst
704,Data Scientist
705,Data Scientist
709,Data Engineer
710,Data Engineer
713,Data Engineer
714,Data Engineer
717,Data Engineer
718,Data Engineer
719,Analytics Engineer
720,Analytics Engineer
721,Machine Learning Engineer
722,Machine Learning Engineer
723,Data Engineer
724,Data Engineer
725,Research Scientist
726,Research Scientist
727,Applied Scientist
728,Applied Scientist
729,Machine Learning Engineer
730,Machine Learning Engineer
733,Data Scientist
734,Data Scientist
735,Data Analyst
736,Data Analyst
737,Analytics Engineer
738,Analytics Engineer
742,Data Scientist
743,Data Scientist
744,Applied Scientist
745,Applied Scientist
746,Data Scientist
747,Data Scientist
748,Data Scientist
749,Data Scientist
750,Data Analyst
751,Data Analyst
752,Applied Scientist
753,Applied Scientist
756,Data Scientist
757,Data Scientist
758,Data Analyst
759,Data Analyst
760,Research Engineer
761,Research Engineer
762,Analytics Engineer
763,Analytics Engineer
766,Machine Learning Engineer
767,Machine Learning Engineer
770,Data Engineer
771,Data Engineer
774,Data Engineer
775,Data Engineer
776,Data Analyst
777,Data Analyst
779,Machine Learning Engineer
780,Applied Scientist
781,Applied Scientist
782,Data Engineer
783,Data Engineer
784,Data Scientist
785,Data Scientist
786,Data Scientist
787,Data Scientist
788,Data Scientist
789,Data Scientist
790,Data Scientist
791,Data Scientist
792,Data Engineer
793,Data Engineer
794,Research Engineer
795,Research Engineer
796,Data Scientist
797,Data Scientist
798,Data Engineer
799,Data Engineer
800,Data Scientist
801,Data Scientist
802,Data Engineer
803,Data Engineer
804,Data Engineer
805,Data Engineer
806,Applied Scientist
807,Applied Scientist
808,Data Engineer
809,Data Engineer
810,Data Scientist
811,Data Scientist
814,Data Architect
815,Data Architect
816,Data Engineer
817,Data Engineer
818,Data Scientist
819,Machine Learning Engineer
821,Machine Learning Engineer
824,Data Engineer
825,Data Engineer
826,Data Engineer
827,Data Engineer
828,Data Scientist
829,Data Scientist
830,Data Scientist
831,Data Scientist
832,Machine Learning Engineer
833,Machine Learning Engineer
834,Data Engineer
835,Data Engineer
836,Data Analyst
837,Data Analyst
838,Data Analyst
839,Data Analyst
840,Data Engineer
841,Data Engineer
842,Data Engineer
843,Data Engineer
844,Analytics Engineer
845,Analytics Engineer
846,Data Engineer
847,Data Engineer
848,Research Engineer
849,Research Engineer
850,Research Scientist
851,Machine Learning Engineer
852,Data Scientist
853,Data Scientist
854,Analytics Engineer
855,Analytics Engineer
856,Analytics Engineer
857,Analytics Engineer
858,Machine Learning Engineer
859,Machine Learning Engineer
860,Analytics Engineer
861,Analytics Engineer
862,Data Engineer
863,Data Engineer
864,Data Engineer
865,Data Engineer
868,Data Engineer
869,Data Engineer
870,Machine Learning Engineer
871,Machine Learning Engineer
872,Data Engineer
873,Data Engineer
874,Data Engineer
875,Data Engineer
876,Data Scientist
877,Data Scientist
878,Data Analyst
879,Data Analyst
880,Data Analyst
881,Data Analyst
882,Machine Learning Engineer
883,Machine Learning Engineer
884,Data Engineer
885,Data Engineer
886,Data Scientist
887,Data Scientist
888,Analytics Engineer
889,Analytics Engineer
890,Data Engineer
891,Data Engineer
894,Data Analyst
895,Data Analyst
896,Data Engineer
897,Data Engineer
898,Data Analyst
899,Data Analyst
900,Applied Scientist
901,Applied Scientist
902,Machine Learning Engineer
903,Machine Learning Engineer
904,Data Engineer
905,Data Engineer
906,Analytics Engineer
907,Analytics Engineer
908,Data Engineer
909,Data Engineer
910,Applied Scientist
911,Applied Scientist
912,Data Analyst
913,Data Analyst
914,Data Engineer
915,Data Engineer
916,Data Engineer
917,Data Engineer
918,Data Scientist
919,Data Scientist
923,Data Analyst
924,Data Analyst
925,Data Engineer
926,Data Engineer
927,Machine Learning Engineer
928,Machine Learning Engineer
929,Data Scientist
930,Data Scientist
931,Data Scientist
932,Data Scientist
933,Research Engineer
934,Research Engineer
935,Data Architect
936,Data Architect
937,Data Architect
938,Data Architect
940,Data Engineer
941,Data Engineer
942,Data Engineer
943,Data Engineer
944,Data Engineer
945,Data Engineer
948,Machine Learning Engineer
949,Machine Learning Engineer
950,Data Scientist
951,Data Scientist
952,Data Analyst
953,Data Analyst
954,Data Engineer
957,Data Analyst
958,Data Analyst
959,Data Engineer
960,Data Engineer
961,Data Engineer
962,Data Engineer
963,Data Engineer
964,Data Engineer
969,Data Scientist
970,Data Scientist
972,Data Engineer
973,Data Engineer
974,Data Engineer
975,Data Engineer
976,Data Scientist
977,Data Scientist
978,Data Scientist
979,Data Scientist
980,Data Scientist
981,Data Scientist
982,Data Science Manager
983,Data Science Manager
984,Analytics Engineer
985,Analytics Engineer
986,Data Scientist
987,Data Engineer
988,Data Engineer
989,Data Analyst
990,Data Analyst
991,Research Engineer
992,Research Engineer
993,Data Analyst
994,Data Analyst
995,Data Engineer
996,Data Engineer
997,Data Scientist
998,Data Scientist
999,Data Analyst
1000,Data Analyst
1001,Data Scientist
1002,Data Scientist
1003,Data Engineer
1004,Data Engineer
1005,Analytics Engineer
1006,Analytics Engineer
1007,Analytics Engineer
1008,Analytics Engineer
1009,Applied Scientist
1010,Applied Scientist
1011,Data Engineer
1012,Data Engineer
1013,Applied Scientist
1014,Applied Scientist
1015,Research Scientist
1016,Research Scientist
1017,Applied Scientist
1018,Applied Scientist
1019,Data Analyst
1020,Data Analyst
1021,Data Scientist
1022,Data Scientist
1023,Data Engineer
1024,Data Engineer
1025,Data Scientist
1026,Data Scientist
1027,Data Scientist
1028,Data Scientist
1029,Data Scientist
1030,Data Scientist
1031,Applied Scientist
1032,Applied Scientist
1033,Analytics Engineer
1034,Analytics Engineer
1035,Data Analyst
1036,Data Analyst
1037,Research Scientist
1038,Research Scientist
1039,Data Scientist
1040,Data Scientist
1041,Data Engineer
1042,Data Engineer
1043,Data Scientist
1044,Data Scientist
1045,Data Analyst
1046,Data Analyst
1049,Data Analyst
1050,Data Analyst
1051,Data Scientist
1052,Data Scientist
1055,Data Scientist
1056,Data Scientist
1057,Data Analyst
1058,Data Analyst
1059,Data Analyst
1062,Machine Learning Engineer
1063,Machine Learning Engineer
1064,Data Scientist
1065,Data Architect
1066,Data Architect
1067,Data Engineer
1068,Data Engineer
1069,Data Analyst
1070,Data Analyst
1071,Data Scientist
1072,Data Scientist
1073,Data Scientist
1074,Data Scientist
1075,Data Analyst
1076,Data Analyst
1077,Data Engineer
1078,Data Engineer
1079,Machine Learning Engineer
1080,Machine Learning Engineer
1081,Data Engineer
1082,Data Engineer
1083,Data Scientist
1084,Data Scientist
1085,Applied Scientist
1086,Applied Scientist
1087,Data Engineer
1088,Data Engineer
1091,Data Scientist
1092,Data Scientist
1093,Data Scientist
1094,Data Scientist
1095,Machine Learning Engineer
1096,Machine Learning Engineer
1098,Data Engineer
1099,Data Engineer
1100,Data Scientist
1101,Data Scientist
1102,Data Analyst
1103,Data Analyst
1104,Research Scientist
1105,Research Scientist
1106,Data Engineer
1107,Data Engineer
1110,Data Engineer
1111,Data Engineer
1114,Machine Learning Engineer
1115,Machine Learning Engineer
1116,Data Engineer
1117,Data Engineer
1118,Data Analyst
1119,Data Analyst
1120,Data Engineer
1121,Data Engineer
1122,Data Scientist
1123,Data Scientist
1124,Data Scientist
1125,Data Scientist
1126,Data Scientist
1127,Data Scientist
1130,Data Scientist
1131,Data Scientist
1132,Data Engineer
1133,Data Engineer
1134,Data Engineer
1135,Data Engineer
1136,Data Analyst
1137,Data Analyst
1138,Analytics Engineer
1139,Analytics Engineer
1140,Data Analyst
1141,Data Analyst
1142,Research Engineer
1143,Research Engineer
1144,Machine Learning Engineer
1145,Machine Learning Engineer
1146,Data Scientist
1147,Data Scientist
1148,Data Architect
1149,Data Architect
1150,Data Scientist
1151,Data Scientist
1152,Data Scientist
1153,Data Scientist
1154,Data Scientist
1155,Data Scientist
1156,Research Engineer
1157,Research Engineer
1158,Data Analyst
1159,Data Analyst
1160,Data Engineer
1161,Data Engineer
1162,Data Analyst
1163,Data Analyst
1164,Machine Learning Engineer
1165,Machine Learning Engineer
1166,Data Analyst
1167,Data Analyst
1168,Machine Learning Engineer
1169,Machine Learning Engineer
1172,Data Scientist
1173,Data Scientist
1174,Data Scientist
1175,Data Scientist
1176,Applied Scientist
1177,Applied Scientist
1178,Applied Scientist
1179,Applied Scientist
1180,Data Analyst
1181,Data Analyst
1182,Applied Scientist
1183,Applied Scientist
1184,Machine Learning Engineer
1185,Machine Learning Engineer
1186,Data Analyst
1187,Data Analyst
1188,Data Engineer
1189,Data Engineer
1190,Data Analyst
1191,Data Analyst
1192,Data Engineer
1193,Data Engineer
1194,Data Engineer
1195,Data Engineer
1196,Data Engineer
1197,Data Engineer
1198,Data Scientist
1199,Data Scientist
1200,Data Scientist
1201,Data Scientist
1202,Data Architect
1203,Data Architect
1204,Data Scientist
1205,Data Scientist
1206,Data Engineer
1207,Data Engineer
1208,Data Engineer
1209,Data Engineer
1210,Data Engineer
1211,Data Analyst
1212,Data Analyst
1213,Data Engineer
1214,Data Engineer
1219,Data Scientist
1220,Data Scientist
1221,Research Scientist
1222,Research Scientist
1223,Data Scientist
1224,Data Scientist
1225,Data Scientist
1226,Data Scientist
1227,Data Engineer
1228,Data Engineer
1234,Data Engineer
1235,Data Engineer
1236,Data Engineer
1237,Data Engineer
1238,Data Scientist
1239,Data Scientist
1240,Data Engineer
1241,Data Engineer
1242,Machine Learning Engineer
1243,Machine Learning Engineer
1244,Data Analyst
1245,Data Analyst
1246,Data Analyst
1247,Data Analyst
1248,Data Engineer
1249,Data Engineer
1250,Research Scientist
1251,Research Scientist
1252,Research Engineer
1253,Research Engineer
1254,Data Analyst
1255,Data Analyst
1256,Data Scientist
1257,Data Scientist
1258,Data Architect
1259,Data Architect
1260,Data Architect
1261,Data Architect
1262,Research Scientist
1263,Research Scientist
1264,Machine Learning Engineer
1266,Machine Learning Engineer
1267,Machine Learning Engineer
1268,Data Engineer
1269,Data Engineer
1270,Data Scientist
1271,Data Scientist
1272,Data Engineer
1273,Data Engineer
1274,Data Engineer
1275,Data Engineer
1276,Machine Learning Engineer
1277,Machine Learning Engineer
1278,Data Scientist
1279,Data Scientist
1280,Data Analyst
1281,Data Analyst
1282,Analytics Engineer
1283,Analytics Engineer
1284,Data Engineer
1285,Data Engineer
1286,Data Scientist
1287,Data Scientist
1288,Data Engineer
1289,Data Engineer
1290,Data Scientist
1291,Data Scientist
1292,Data Analyst
1293,Data Analyst
1294,Data Analyst
1295,Data Analyst
1296,Data Scientist
1297,Data Scientist
1298,Data Analyst
1299,Data Analyst
1300,Data Engineer
1301,Data Engineer
1302,Data Scientist
1303,Data Scientist
1306,Data Analyst
1307,Data Analyst
1308,Data Analyst
1309,Data Analyst
1312,Data Engineer
1313,Data Engineer
1314,Data Analyst
1315,Data Analyst
1316,Data Scientist
1317,Data Scientist
1318,Data Scientist
1319,Data Scientist
1320,Data Scientist
1321,Data Scientist
1322,Data Scientist
1323,Data Scientist
1324,Data Engineer
1325,Data Engineer
1326,Data Engineer
1327,Data Engineer
1328,Data Scientist
1329,Data Scientist
1330,Data Engineer
1331,Data Engineer
1332,Data Engineer
1333,Data Engineer
1334,Data Analyst
1335,Data Analyst
1336,Data Engineer
1337,Data Engineer
1338,Data Engineer
1339,Data Engineer
1341,Data Scientist
1342,Data Analyst
1343,Data Analyst
1344,Data Scientist
1345,Data Scientist
1346,Data Analyst
1347,Data Analyst
1348,Data Engineer
1349,Data Engineer
1350,Data Scientist
1351,Data Scientist
1352,Data Engineer
1353,Data Engineer
1354,Data Engineer
1355,Data Engineer
1356,Data Scientist
1357,Data Scientist
1358,Data Engineer
1359,Data Engineer
1360,Data Engineer
1361,Data Engineer
1362,Data Scientist
1363,Data Scientist
1364,Data Engineer
1365,Data Engineer
1366,Data Engineer
1367,Data Engineer
1368,Data Engineer
1369,Data Engineer
1370,Data Scientist
1371,Data Scientist
1372,Data Scientist
1373,Data Scientist
1374,Data Engineer
1375,Data Engineer
1376,Data Scientist
1377,Data Scientist
1378,Data Architect
1379,Data Architect
1380,Data Engineer
1381,Data Engineer
1382,Data Engineer
1383,Data Engineer
1384,Data Analyst
1385,Data Analyst
1386,Data Architect
1387,Data Architect
1388,Data Analyst
1389,Data Analyst
1390,Data Analyst
1391,Data Analyst
1392,Data Engineer
1393,Data Engineer
1394,Data Engineer
1395,Data Engineer
1398,Data Analyst
1399,Data Analyst
1400,Data Engineer
1401,Data Engineer
1402,Data Analyst
1403,Data Analyst
1404,Data Scientist
1405,Data Scientist
1406,Machine Learning Engineer
1407,Machine Learning Engineer
1408,Research Engineer
1409,Research Engineer
1410,Data Analyst
1411,Data Analyst
1412,Data Architect
1413,Data Architect
1416,Data Analyst
1417,Data Analyst
1418,Analytics Engineer
1419,Analytics Engineer
1420,Data Analyst
1421,Data Analyst
1422,Data Engineer
1423,Data Engineer
1424,Data Science Manager
1425,Data Science Manager
1426,Data Scientist
1427,Data Scientist
1428,Data Engineer
1429,Data Engineer
1430,Data Engineer
1431,Data Engineer
1432,Data Engineer
1433,Data Engineer
1434,Data Scientist
1435,Data Scientist
1436,Data Scientist
1437,Data Scientist
1438,Applied Scientist
1439,Applied Scientist
1440,Data Analyst
1441,Data Analyst
1442,Data Engineer
1443,Data Engineer
1444,Data Scientist
1445,Data Scientist
1446,Data Engineer
1447,Data Engineer
1448,Data Analyst
1449,Data Analyst
1451,Data Scientist
1452,Data Scientist
1453,Data Scientist
1454,Data Scientist
1455,Research Scientist
1456,Research Scientist
1459,Data Analyst
1460,Data Analyst
1461,Analytics Engineer
1462,Analytics Engineer
1463,Data Analyst
1464,Data Analyst
1467,Data Architect
1468,Data Architect
1470,Data Analyst
1471,Data Analyst
1472,Data Scientist
1476,Machine Learning Engineer
1477,Machine Learning Engineer
1478,Data Engineer
1479,Data Engineer
1480,Data Scientist
1481,Data Scientist
1482,Data Engineer
1483,Data Engineer
1484,Research Scientist
1485,Research Scientist
1486,Data Engineer
1487,Data Engineer
1488,Data Analyst
1489,Data Analyst
1490,Analytics Engineer
1491,Analytics Engineer
1492,Data Engineer
1493,Data Engineer
1494,Data Analyst
1495,Data Analyst
1498,Machine Learning Engineer
1499,Machine Learning Engineer
1500,Data Engineer
1501,Data Engineer
1502,Data Scientist
1503,Data Scientist
1504,Data Engineer
1505,Data Engineer
1506,Machine Learning Engineer
1507,Machine Learning Engineer
1508,Data Engineer
1509,Data Engineer
1510,Data Engineer
1511,Data Engineer
1514,Data Engineer
1515,Data Engineer
1518,Analytics Engineer
1519,Analytics Engineer
1520,Machine Learning Engineer
1521,Machine Learning Engineer
1522,Data Scientist
1523,Data Scientist
1524,Machine Learning Engineer
1525,Machine Learning Engineer
1526,Data Scientist
1527,Data Scientist
1528,Data Engineer
1529,Data Engineer
1530,Data Science Manager
1531,Data Science Manager
1534,Data Engineer
1535,Data Engineer
1536,Data Architect
1537,Data Architect
1538,Data Analyst
1539,Data Analyst
1540,Data Analyst
1541,Data Analyst
1543,Data Engineer
1544,Data Engineer
1547,Data Science Manager
1548,Data Science Manager
1551,Data Engineer
1552,Data Engineer
1553,Data Engineer
1554,Data Engineer
1555,Research Scientist
1556,Research Scientist
1557,Data Analyst
1558,Data Analyst
1559,Data Scientist
1560,Data Scientist
1561,Data Scientist
1562,Data Scientist
1563,Data Analyst
1564,Data Analyst
1565,Data Analyst
1566,Data Analyst
1567,Data Scientist
1568,Data Scientist
1571,Research Scientist
1572,Research Scientist
1574,Data Engineer
1575,Data Engineer
1576,Machine Learning Engineer
1577,Machine Learning Engineer
1578,Data Engineer
1579,Data Engineer
1580,Data Scientist
1581,Data Scientist
1582,Research Scientist
1583,Research Scientist
1584,Machine Learning Engineer
1585,Machine Learning Engineer
1586,Data Engineer
1587,Data Engineer
1588,Data Scientist
1589,Data Analyst
1590,Data Analyst
1591,Data Analyst
1592,Data Analyst
1594,Data Analyst
1595,Machine Learning Engineer
1596,Machine Learning Engineer
1597,Data Engineer
1598,Data Engineer
1599,Data Analyst
1600,Data Analyst
1601,Data Analyst
1602,Data Analyst
1603,Data Scientist
1604,Data Scientist
1605,Data Engineer
1606,Data Engineer
1607,Machine Learning Engineer
1608,Machine Learning Engineer
1609,Data Engineer
1610,Data Engineer
1611,Data Engineer
1612,Data Engineer
1613,Data Analyst
1614,Data Analyst
1615,Data Engineer
1616,Data Engineer
1617,Data Analyst
1618,Data Analyst
1619,Data Analyst
1620,Data Analyst
1621,Research Scientist
1622,Research Scientist
1623,Data Engineer
1624,Data Engineer
1625,Data Scientist
1626,Data Scientist
1627,Data Scientist
1628,Data Scientist
1629,Data Engineer
1630,Data Engineer
1631,Data Analyst
1632,Data Analyst
1633,Data Scientist
1634,Data Scientist
1635,Data Scientist
1636,Data Scientist
1639,Data Scientist
1640,Data Scientist
1641,Machine Learning Engineer
1642,Machine Learning Engineer
1647,Data Engineer
1648,Data Engineer
1649,Data Engineer
1650,Data Engineer
1651,Data Scientist
1652,Data Scientist
1653,Data Analyst
1654,Data Analyst
1655,Data Analyst
1656,Data Analyst
1657,Data Scientist
1658,Data Scientist
1659,Data Engineer
1660,Data Engineer
1661,Data Engineer
1662,Data Engineer
1663,Data Engineer
1664,Data Engineer
1665,Data Engineer
1666,Data Engineer
1667,Data Scientist
1668,Data Scientist
1669,Data Engineer
1670,Data Engineer
1671,Data Engineer
1672,Data Engineer
1673,Data Analyst
1674,Data Analyst
1675,Data Scientist
1676,Data Scientist
1677,Analytics Engineer
1678,Analytics Engineer
1679,Machine Learning Engineer
1680,Machine Learning Engineer
1681,Data Analyst
1682,Data Analyst
1683,Machine Learning Engineer
1684,Machine Learning Engineer
1685,Data Analyst
1686,Data Analyst
1687,Data Engineer
1688,Data Engineer
1689,Data Engineer
1690,Data Engineer
1693,Research Scientist
1694,Research Scientist
1695,Data Scientist
1696,Data Scientist
1697,Data Engineer
1698,Data Engineer
1699,Research Scientist
1700,Research Scientist
1701,Data Scientist
1702,Data Scientist
1703,Data Scientist
1704,Data Scientist
1705,Data Analyst
1706,Research Scientist
1707,Research Scientist
1708,Data Analyst
1711,Data Science Manager
1712,Data Analyst
1713,Data Analyst
1714,Data Analyst
1715,Data Analyst
1716,Data Science Manager
1717,Data Science Manager
1718,Data Analyst
1719,Data Analyst
1723,Machine Learning Engineer
1724,Machine Learning Engineer
1725,Data Analyst
1726,Machine Learning Engineer
1727,Machine Learning Engineer
1728,Data Engineer
1729,Data Engineer
1730,Data Analyst
1731,Data Analyst
1732,Machine Learning Engineer
1733,Machine Learning Engineer
1734,Data Scientist
1736,Data Analyst
1737,Data Analyst
1738,Data Scientist
1739,Data Scientist
1740,Data Analyst
1741,Data Analyst
1742,Machine Learning Engineer
1743,Machine Learning Engineer
1744,Data Engineer
1745,Data Engineer
1746,Data Analyst
1747,Data Analyst
1748,Data Scientist
1749,Data Scientist
1750,Machine Learning Engineer
1751,Machine Learning Engineer
1752,Data Architect
1753,Data Architect
1754,Machine Learning Engineer
1755,Machine Learning Engineer
1757,Data Engineer
1758,Data Engineer
1759,Research Engineer
1760,Research Engineer
1761,Machine Learning Engineer
1762,Machine Learning Engineer
1763,Data Engineer
1764,Data Engineer
1765,Machine Learning Engineer
1766,Machine Learning Engineer
1767,Data Analyst
1768,Data Analyst
1773,Data Engineer
1774,Data Engineer
1775,Data Engineer
1776,Data Engineer
1779,Data Engineer
1780,Data Engineer
1781,Data Analyst
1782,Data Analyst
1783,Data Engineer
1784,Data Engineer
1787,Data Scientist
1788,Data Scientist
1789,Data Analyst
1790,Data Analyst
1791,Data Science Manager
1792,Data Science Manager
1793,Data Analyst
1794,Data Analyst
1795,Data Analyst
1796,Data Analyst
1801,Data Analyst
1802,Data Analyst
1803,Data Engineer
1804,Data Engineer
1806,Data Scientist
1808,Data Analyst
1809,Data Analyst
1810,Data Scientist
1811,Data Scientist
1812,Data Engineer
1813,Data Engineer
1814,Data Engineer
1815,Data Engineer
1816,Data Engineer
1817,Data Engineer
1818,Machine Learning Engineer
1819,Machine Learning Engineer
1820,Data Engineer
1821,Data Engineer
1822,Research Engineer
1823,Research Engineer
1824,Machine Learning Engineer
1825,Machine Learning Engineer
1826,Analytics Engineer
1827,Analytics Engineer
1830,Data Engineer
1831,Data Engineer
1832,Data Engineer
1833,Data Engineer
1834,Data Scientist
1835,Data Scientist
1836,Data Scientist
1837,Data Scientist
1838,Analytics Engineer
1839,Analytics Engineer
1842,Data Scientist
1843,Data Scientist
1844,Data Engineer
1845,Data Analyst
1846,Data Analyst
1847,Data Analyst
1848,Data Analyst
1849,Data Analyst
1850,Data Analyst
1851,Data Engineer
1852,Data Engineer
1853,Machine Learning Engineer
1854,Machine Learning Engineer
1856,Machine Learning Engineer
1857,Machine Learning Engineer
1860,Machine Learning Engineer
1861,Machine Learning Engineer
1864,Machine Learning Engineer
1865,Machine Learning Engineer
1866,Machine Learning Engineer
1867,Machine Learning Engineer
1868,Data Science Manager
1869,Data Science Manager
1870,Data Engineer
1871,Data Engineer
1872,Machine Learning Engineer
1873,Machine Learning Engineer
1874,Data Architect
1875,Data Architect
1878,Data Scientist
1879,Data Scientist
1880,Data Engineer
1881,Data Engineer
1884,Data Analyst
1885,Data Analyst
1886,Data Engineer
1887,Data Engineer
1888,Data Engineer
1889,Data Engineer
1890,Data Engineer
1891,Data Engineer
1892,Data Analyst
1893,Data Analyst
1894,Data Scientist
1895,Data Scientist
1896,Data Engineer
1897,Data Engineer
1898,Data Engineer
1899,Data Engineer
1900,Data Analyst
1901,Data Analyst
1902,Data Analyst
1903,Data Scientist
1906,Data Scientist
1907,Data Scientist
1908,Data Engineer
1909,Data Engineer
1910,Data Engineer
1911,Data Engineer
1914,Data Scientist
1915,Data Scientist
1916,Machine Learning Engineer
1917,Machine Learning Engineer
1918,Data Analyst
1919,Data Analyst
1920,Data Analyst
1921,Data Analyst
1922,Machine Learning Engineer
1923,Machine Learning Engineer
1924,Machine Learning Engineer
1925,Machine Learning Engineer
1926,Data Engineer
1927,Data Engineer
1930,Data Scientist
1931,Data Scientist
1932,Data Architect
1933,Data Architect
1934,Data Analyst
1935,Data Analyst
1936,Machine Learning Engineer
1937,Machine Learning Engineer
1938,Data Scientist
1939,Data Scientist
1942,Data Scientist
1943,Machine Learning Engineer
1944,Research Engineer
1945,Research Engineer
1946,Machine Learning Engineer
1947,Machine Learning Engineer
1948,Data Engineer
1949,Data Engineer
1950,Data Analyst
1951,Data Analyst
1952,Data Engineer
1953,Data Engineer
1954,Data Architect
1955,Data Architect
1956,Data Engineer
1957,Data Engineer
1958,Data Analyst
1959,Data Analyst
1960,Data Analyst
1961,Data Analyst
1962,Data Engineer
1963,Data Engineer
1964,Data Engineer
1965,Data Engineer
1967,Data Scientist
1968,Data Analyst
1969,Data Analyst
1970,Data Engineer
1971,Data Engineer
1972,Data Analyst
1973,Data Analyst
1974,Data Analyst
1975,Data Analyst
1976,Data Analyst
1977,Data Analyst
1978,Data Analyst
1979,Data Analyst
1980,Data Engineer
1981,Data Engineer
1982,Data Engineer
1983,Data Engineer
1984,Research Scientist
1985,Research Scientist
1986,Research Scientist
1987,Research Scientist
1988,Data Scientist
1989,Data Scientist
1990,Data Engineer
1991,Data Engineer
1992,Data Engineer
1993,Data Engineer
1994,Data Engineer
1996,Data Engineer
1998,Machine Learning Engineer
1999,Machine Learning Engineer
2000,Data Engineer
2001,Data Engineer
2002,Data Architect
2003,Data Architect
2004,Data Architect
2005,Data Architect
2006,Data Science Manager
2007,Data Science Manager
2008,Machine Learning Engineer
2009,Machine Learning Engineer
2010,Data Engineer
2011,Data Engineer
2012,Data Analyst
2013,Data Analyst
2014,Data Analyst
2015,Data Analyst
2016,Data Analyst
2017,Data Analyst
2018,Data Analyst
2021,Data Engineer
2022,Data Engineer
2023,Machine Learning Engineer
2024,Machine Learning Engineer
2025,Data Analyst
2026,Data Analyst
2027,Data Analyst
2028,Data Analyst
2029,Data Scientist
2030,Data Scientist
2031,Data Analyst
2032,Data Analyst
2033,Data Analyst
2034,Data Analyst
2035,Data Engineer
2036,Data Engineer
2037,Data Scientist
2038,Data Scientist
2039,Data Engineer
2040,Data Engineer
2041,Data Analyst
2042,Data Analyst
2043,Data Scientist
2044,Data Scientist
2045,Machine Learning Engineer
2046,Data Scientist
2047,Data Scientist
2048,Research Scientist
2049,Research Scientist
2050,Data Scientist
2051,Data Scientist
2052,Machine Learning Engineer
2053,Machine Learning Engineer
2054,Data Scientist
2055,Data Scientist
2056,Machine Learning Engineer
2057,Machine Learning Engineer
2059,Data Scientist
2060,Data Engineer
2061,Data Engineer
2062,Data Engineer
2063,Data Engineer
2064,Data Analyst
2065,Data Analyst
2066,Data Engineer
2067,Data Engineer
2068,Research Scientist
2069,Research Scientist
2070,Research Engineer
2071,Research Engineer
2072,Data Scientist
2073,Data Scientist
2074,Data Engineer
2075,Data Engineer
2078,Data Scientist
2079,Data Scientist
2080,Data Scientist
2081,Data Scientist
2082,Data Scientist
2083,Data Engineer
2084,Data Scientist
2085,Research Scientist
2086,Research Scientist
2091,Machine Learning Engineer
2092,Machine Learning Engineer
2093,Data Engineer
2094,Data Engineer
2095,Data Scientist
2096,Data Scientist
2097,Data Engineer
2098,Data Engineer
2099,Machine Learning Engineer
2100,Machine Learning Engineer
2103,Data Engineer
2104,Data Engineer
2107,Data Engineer
2108,Data Engineer
2109,Data Engineer
2110,Data Engineer
2111,Data Engineer
2112,Data Engineer
2113,Data Engineer
2114,Data Engineer
2115,Data Engineer
2116,Data Engineer
2117,Machine Learning Engineer
2118,Machine Learning Engineer
2119,Data Engineer
2120,Data Engineer
2121,Data Scientist
2122,Data Scientist
2123,Research Scientist
2124,Machine Learning Engineer
2125,Data Engineer
2126,Data Engineer
2127,Data Analyst
2128,Data Analyst
2129,Data Analyst
2130,Data Analyst
2131,Data Engineer
2132,Data Engineer
2135,Applied Scientist
2136,Applied Scientist
2137,Data Scientist
2138,Data Scientist
2141,Data Engineer
2142,Data Engineer
2143,Data Analyst
2144,Data Analyst
2147,Data Scientist
2148,Data Scientist
2150,Data Analyst
2151,Data Analyst
2152,Data Engineer
2153,Data Engineer
2154,Data Scientist
2155,Data Scientist
2156,Machine Learning Engineer
2157,Machine Learning Engineer
2158,Applied Scientist
2159,Applied Scientist
2160,Data Analyst
2161,Data Analyst
2162,Machine Learning Engineer
2163,Machine Learning Engineer
2164,Data Engineer
2165,Data Engineer
2166,Data Scientist
2167,Data Scientist
2168,Machine Learning Engineer
2169,Machine Learning Engineer
2170,Data Scientist
2171,Data Scientist
2172,Data Scientist
2173,Data Scientist
2174,Data Analyst
2175,Data Analyst
2176,Data Engineer
2177,Data Engineer
2178,Data Analyst
2179,Data Analyst
2180,Data Scientist
2182,Data Scientist
2183,Data Scientist
2184,Data Scientist
2185,Data Scientist
2186,Data Scientist
2187,Data Architect
2188,Data Architect
2189,Data Analyst
2190,Data Analyst
2191,Data Analyst
2192,Data Analyst
2193,Data Engineer
2194,Data Engineer
2195,Data Engineer
2196,Data Engineer
2197,Data Scientist
2198,Data Scientist
2200,Data Analyst
2201,Data Science Manager
2202,Data Science Manager
2205,Data Analyst
2206,Data Analyst
2207,Analytics Engineer
2208,Analytics Engineer
2209,Analytics Engineer
2210,Analytics Engineer
2211,Data Engineer
2212,Data Engineer
2213,Data Engineer
2214,Data Engineer
2215,Data Engineer
2216,Data Engineer
2217,Data Scientist
2218,Data Scientist
2219,Data Analyst
2220,Data Analyst
2221,Machine Learning Engineer
2222,Machine Learning Engineer
2223,Data Scientist
2224,Data Scientist
2225,Data Scientist
2226,Data Scientist
2227,Data Analyst
2228,Data Analyst
2229,Data Engineer
2230,Data Engineer
2231,Data Engineer
2232,Data Engineer
2233,Data Analyst
2234,Data Analyst
2235,Data Scientist
2236,Data Scientist
2237,Data Engineer
2238,Data Engineer
2239,Data Engineer
2240,Data Engineer
2241,Data Engineer
2242,Data Engineer
2243,Data Engineer
2244,Data Engineer
2245,Data Engineer
2246,Data Engineer
2247,Data Engineer
2248,Data Engineer
2249,Data Scientist
2250,Data Engineer
2251,Data Engineer
2252,Data Scientist
2253,Data Scientist
2254,Data Analyst
2255,Data Analyst
2256,Data Scientist
2257,Data Scientist
2260,Data Analyst
2261,Data Analyst
2266,Data Engineer
2267,Data Engineer
2268,Data Engineer
2269,Data Engineer
2270,Data Analyst
2271,Data Analyst
2272,Data Engineer
2273,Data Engineer
2274,Data Scientist
2275,Data Scientist
2276,Data Engineer
2277,Data Engineer
2278,Data Engineer
2279,Data Engineer
2280,Data Scientist
2281,Data Scientist
2287,Data Scientist
2288,Data Scientist
2289,Data Scientist
2290,Data Scientist
2291,Data Engineer
2292,Data Engineer
2295,Data Science Manager
2296,Data Science Manager
2297,Research Scientist
2298,Research Scientist
2299,Data Scientist
2300,Data Analyst
2301,Data Analyst
2302,Data Analyst
2303,Data Analyst
2304,Data Engineer
2305,Data Engineer
2306,Data Engineer
2307,Data Engineer
2308,Data Engineer
2309,Data Engineer
2310,Data Scientist
2311,Data Scientist
2312,Data Scientist
2313,Data Scientist
2314,Data Analyst
2315,Data Analyst
2316,Data Architect
2317,Data Architect
2318,Data Scientist
2319,Data Scientist
2320,Data Analyst
2321,Data Analyst
2322,Data Scientist
2323,Data Scientist
2324,Data Architect
2325,Data Architect
2328,Data Scientist
2329,Data Scientist
2330,Data Engineer
2331,Data Engineer
2332,Data Scientist
2336,Data Scientist
2337,Data Scientist
2338,Data Engineer
2339,Data Engineer
2340,Machine Learning Engineer
2341,Machine Learning Engineer
2342,Data Scientist
2343,Data Scientist
2344,Data Analyst
2345,Data Analyst
2346,Data Engineer
2347,Data Engineer
2348,Data Scientist
2349,Data Scientist
2350,Data Scientist
2351,Data Scientist
2352,Data Scientist
2353,Data Analyst
2354,Data Analyst
2355,Data Engineer
2356,Data Engineer
2357,Data Scientist
2358,Data Scientist
2359,Data Scientist
2360,Data Scientist
2361,Data Scientist
2362,Data Scientist
2363,Machine Learning Engineer
2364,Machine Learning Engineer
2365,Machine Learning Engineer
2366,Machine Learning Engineer
2367,Data Scientist
2370,Data Scientist
2371,Data Scientist
2372,Data Scientist
2373,Data Scientist
2374,Data Engineer
2375,Data Engineer
2378,Research Scientist
2379,Research Scientist
2382,Data Engineer
2383,Data Engineer
2384,Data Engineer
2385,Data Engineer
2386,Data Engineer
2387,Data Engineer
2388,Data Scientist
2389,Data Scientist
2390,Data Engineer
2391,Data Engineer
2392,Data Analyst
2393,Data Analyst
2394,Analytics Engineer
2395,Analytics Engineer
2396,Machine Learning Engineer
2397,Machine Learning Engineer
2398,Data Engineer
2399,Data Engineer
2400,Data Architect
2401,Data Architect
2402,Data Engineer
2403,Data Engineer
2404,Data Analyst
2405,Data Analyst
2408,Research Scientist
2409,Research Scientist
2412,Data Science Manager
2413,Data Science Manager
2414,Data Scientist
2415,Data Scientist
2416,Data Engineer
2417,Data Engineer
2418,Data Scientist
2419,Data Scientist
2420,Machine Learning Engineer
2421,Applied Scientist
2422,Applied Scientist
2425,Data Analyst
2426,Data Analyst
2427,Data Engineer
2428,Data Engineer
2429,Data Scientist
2430,Data Scientist
2431,Applied Scientist
2432,Applied Scientist
2433,Data Engineer
2434,Data Engineer
2435,Machine Learning Engineer
2436,Machine Learning Engineer
2437,Data Analyst
2438,Data Analyst
2439,Data Scientist
2440,Data Scientist
2442,Data Analyst
2443,Research Scientist
2444,Research Scientist
2447,Machine Learning Engineer
2448,Machine Learning Engineer
2449,Data Scientist
2450,Data Scientist
2453,Data Scientist
2454,Data Scientist
2455,Data Engineer
2456,Data Engineer
2459,Data Engineer
2460,Data Engineer
2463,Data Engineer
2464,Data Engineer
2465,Research Engineer
2466,Research Engineer
2467,Data Engineer
2468,Data Engineer
2469,Data Analyst
2470,Data Analyst
2471,Data Analyst
2472,Data Analyst
2473,Data Engineer
2474,Data Engineer
2475,Data Scientist
2477,Data Engineer
2478,Data Engineer
2479,Data Engineer
2480,Data Engineer
2481,Data Engineer
2482,Data Engineer
2483,Data Scientist
2484,Research Scientist
2485,Research Scientist
2486,Research Engineer
2487,Research Engineer
2488,Research Scientist
2489,Research Scientist
2492,Research Engineer
2493,Research Engineer
2495,Data Scientist
2496,Data Scientist
2497,Data Scientist
2498,Data Scientist
2499,Data Engineer
2500,Data Engineer
2501,Machine Learning Engineer
2502,Machine Learning Engineer
2503,Data Scientist
2504,Data Scientist
2505,Data Engineer
2506,Data Engineer
2507,Machine Learning Engineer
2508,Machine Learning Engineer
2509,Data Analyst
2510,Data Analyst
2513,Data Architect
2514,Data Architect
2515,Data Scientist
2516,Data Scientist
2517,Applied Scientist
2518,Applied Scientist
2519,Data Scientist
2520,Data Scientist
2521,Data Architect
2522,Data Architect
2523,Data Scientist
2524,Data Scientist
2525,Data Scientist
2526,Data Scientist
2527,Research Scientist
2528,Research Scientist
2529,Data Scientist
2530,Data Scientist
2531,Data Engineer
2532,Data Engineer
2533,Machine Learning Engineer
2534,Machine Learning Engineer
2535,Data Engineer
2536,Data Engineer
2537,Machine Learning Engineer
2538,Machine Learning Engineer
2539,Data Engineer
2540,Data Engineer
2541,Data Architect
2542,Data Architect
2543,Data Engineer
2544,Data Engineer
2545,Data Engineer
2546,Data Engineer
2547,Data Analyst
2548,Data Scientist
2549,Data Analyst
2550,Data Analyst
2551,Machine Learning Engineer
2552,Machine Learning Engineer
2553,Data Scientist
2554,Data Scientist
2555,Data Scientist
2556,Data Engineer
2557,Data Engineer
2559,Data Engineer
2560,Data Engineer
2561,Data Engineer
2562,Data Engineer
2563,Data Scientist
2564,Data Scientist
2567,Data Engineer
2568,Data Engineer
2571,Data Engineer
2572,Data Engineer
2573,Data Engineer
2574,Data Engineer
2575,Data Engineer
2576,Data Engineer
2578,Data Analyst
2579,Data Analyst
2580,Data Scientist
2581,Data Scientist
2582,Data Scientist
2583,Data Scientist
2584,Data Engineer
2585,Data Engineer
2588,Data Engineer
2589,Data Engineer
2590,Machine Learning Engineer
2591,Machine Learning Engineer
2592,Data Scientist
2593,Data Scientist
2594,Data Scientist
2595,Data Scientist
2596,Data Scientist
2597,Data Scientist
2598,Data Analyst
2599,Data Analyst
2602,Data Engineer
2603,Data Engineer
2606,Data Engineer
2607,Data Engineer
2608,Data Engineer
2609,Data Engineer
2611,Data Engineer
2612,Data Engineer
2613,Data Engineer
2614,Data Engineer
2615,Data Analyst
2616,Data Analyst
2617,Data Scientist
2618,Data Scientist
2619,Data Scientist
2620,Data Scientist
2621,Machine Learning Engineer
2622,Machine Learning Engineer
2623,Data Scientist
2624,Data Scientist
2630,Data Engineer
2631,Data Engineer
2632,Data Scientist
2633,Data Scientist
2634,Data Engineer
2635,Data Engineer
2636,Machine Learning Engineer
2637,Machine Learning Engineer
2638,Machine Learning Engineer
2639,Machine Learning Engineer
2640,Data Engineer
2641,Data Engineer
2642,Data Engineer
2643,Data Engineer
2644,Data Science Manager
2645,Data Science Manager
2646,Data Engineer
2647,Data Engineer
2648,Data Analyst
2649,Data Analyst
2650,Applied Scientist
2651,Applied Scientist
2652,Data Scientist
2653,Data Scientist
2655,Data Scientist
2657,Data Engineer
2658,Data Engineer
2659,Data Engineer
2660,Data Engineer
2661,Data Engineer
2662,Data Engineer
2663,Data Engineer
2664,Data Engineer
2665,Data Engineer
2666,Data Engineer
2667,Applied Scientist
2668,Applied Scientist
2669,Data Engineer
2670,Data Engineer
2671,Data Analyst
2672,Data Analyst
2673,Machine Learning Engineer
2674,Machine Learning Engineer
2675,Data Engineer
2676,Data Engineer
2677,Data Engineer
2678,Data Engineer
2679,Data Engineer
2680,Data Engineer
2681,Data Scientist
2682,Data Scientist
2683,Data Engineer
2685,Data Engineer
2686,Data Engineer
2687,Data Analyst
2688,Data Analyst
2689,Data Scientist
2690,Data Scientist
2691,Data Analyst
2692,Data Analyst
2693,Data Scientist
2694,Data Scientist
2695,Data Engineer
2696,Data Engineer
2697,Research Engineer
2698,Research Engineer
2699,Analytics Engineer
2700,Analytics Engineer
2701,Data Scientist
2702,Data Scientist
2703,Data Analyst
2704,Data Analyst
2705,Research Scientist
2706,Research Scientist
2708,Data Engineer
2709,Data Engineer
2710,Data Analyst
2711,Data Analyst
2712,Data Scientist
2713,Data Scientist
2714,Machine Learning Engineer
2715,Machine Learning Engineer
2716,Data Engineer
2717,Data Engineer
2718,Data Scientist
2719,Data Scientist
2720,Data Analyst
2721,Data Analyst
2722,Research Scientist
2723,Research Scientist
2724,Data Engineer
2725,Data Engineer
2726,Data Engineer
2727,Data Engineer
2728,Data Scientist
2729,Data Scientist
2730,Data Analyst
2731,Data Analyst
2732,Data Engineer
2733,Data Engineer
2734,Data Engineer
2735,Data Engineer
2736,Data Scientist
2737,Data Scientist
2738,Data Analyst
2739,Data Analyst
2740,Data Engineer
2741,Data Engineer
2742,Machine Learning Engineer
2743,Machine Learning Engineer
2744,Data Engineer
2745,Data Engineer
2746,Machine Learning Engineer
2747,Machine Learning Engineer
2748,Data Analyst
2749,Data Analyst
2750,Data Analyst
2751,Data Analyst
2752,Data Analyst
2753,Data Analyst
2757,Data Analyst
2758,Data Analyst
2759,Data Analyst
2762,Data Analyst
2763,Data Analyst
2764,Data Scientist
2765,Data Scientist
2766,Data Analyst
2767,Data Analyst
2768,Data Analyst
2770,Machine Learning Engineer
2771,Data Engineer
2772,Data Engineer
2773,Data Engineer
2774,Data Engineer
2777,Data Analyst
2778,Data Engineer
2779,Data Engineer
2780,Data Analyst
2781,Data Analyst
2782,Data Scientist
2783,Data Scientist
2784,Data Architect
2785,Data Architect
2786,Data Scientist
2787,Data Scientist
2788,Data Scientist
2789,Data Scientist
2790,Machine Learning Engineer
2791,Machine Learning Engineer
2792,Data Analyst
2793,Data Analyst
2794,Data Analyst
2795,Data Analyst
2797,Data Engineer
2798,Data Engineer
2799,Data Analyst
2800,Data Analyst
2801,Data Scientist
2802,Data Scientist
2803,Applied Scientist
2804,Applied Scientist
2805,Machine Learning Engineer
2806,Machine Learning Engineer
2809,Machine Learning Engineer
2810,Machine Learning Engineer
2811,Data Engineer
2812,Data Engineer
2815,Data Engineer
2816,Data Engineer
2817,Data Scientist
2818,Data Scientist
2819,Data Engineer
2820,Data Engineer
2821,Data Analyst
2822,Data Analyst
2823,Data Engineer
2824,Data Engineer
2825,Data Analyst
2826,Data Analyst
2827,Data Engineer
2828,Data Engineer
2829,Data Scientist
2830,Data Scientist
2833,Analytics Engineer
2834,Analytics Engineer
2835,Data Engineer
2836,Data Engineer
2837,Data Scientist
2838,Data Scientist
2839,Data Scientist
2840,Data Scientist
2841,Data Engineer
2842,Data Engineer
2843,Data Scientist
2844,Data Engineer
2845,Data Engineer
2846,Data Engineer
2847,Data Engineer
2848,Data Engineer
2849,Data Engineer
2852,Data Architect
2853,Data Architect
2855,Data Analyst
2856,Data Analyst
2858,Data Engineer
2859,Data Engineer
2860,Data Engineer
2861,Data Engineer
2865,Data Scientist
2866,Data Scientist
2867,Data Analyst
2868,Data Analyst
2869,Data Engineer
2870,Data Engineer
2871,Machine Learning Engineer
2872,Machine Learning Engineer
2873,Data Engineer
2874,Data Engineer
2875,Data Scientist
2876,Data Scientist
2877,Data Engineer
2878,Data Engineer
2879,Data Scientist
2880,Data Scientist
2881,Data Scientist
2882,Data Scientist
2885,Data Scientist
2886,Data Scientist
2889,Data Engineer
2890,Data Engineer
2891,Data Scientist
2892,Data Scientist
2893,Data Analyst
2894,Data Analyst
2895,Data Engineer
2896,Data Engineer
2897,Data Engineer
2898,Data Engineer
2899,Data Analyst
2900,Data Analyst
2901,Data Analyst
2902,Data Analyst
2903,Data Analyst
2904,Data Analyst
2905,Data Analyst
2906,Data Analyst
2908,Data Engineer
2909,Data Engineer
2910,Data Architect
2911,Data Architect
2912,Data Analyst
2913,Data Analyst
2914,Machine Learning Engineer
2915,Machine Learning Engineer
2916,Data Analyst
2917,Data Analyst
2918,Data Analyst
2919,Data Analyst
2920,Research Engineer
2921,Research Engineer
2922,Data Analyst
2923,Data Analyst
2924,Data Engineer
2925,Data Engineer
2926,Machine Learning Engineer
2927,Machine Learning Engineer
2928,Data Engineer
2929,Data Engineer
2930,Data Analyst
2931,Data Analyst
2932,Data Engineer
2933,Data Engineer
2934,Data Engineer
2935,Data Engineer
2936,Data Engineer
2937,Data Engineer
2938,Data Engineer
2939,Data Engineer
2941,Data Engineer
2942,Data Engineer
2943,Data Engineer
2944,Data Engineer
2945,Data Scientist
2946,Data Scientist
2947,Data Analyst
2948,Data Analyst
2949,Data Analyst
2950,Data Engineer
2951,Data Engineer
2952,Analytics Engineer
2953,Analytics Engineer
2956,Data Engineer
2957,Data Engineer
2958,Data Engineer
2959,Data Engineer
2960,Data Scientist
2961,Data Scientist
2962,Data Scientist
2963,Data Scientist
2964,Data Scientist
2965,Data Scientist
2966,Data Architect
2967,Data Architect
2969,Data Engineer
2970,Data Engineer
2971,Data Engineer
2972,Data Engineer
2973,Data Engineer
2974,Data Engineer
2977,Data Engineer
2978,Data Engineer
2981,Data Engineer
2982,Data Engineer
2983,Data Scientist
2984,Data Scientist
2985,Data Scientist
2986,Data Scientist
2987,Machine Learning Engineer
2989,Data Analyst
2990,Data Analyst
2991,Analytics Engineer
2992,Analytics Engineer
2993,Data Engineer
2994,Data Engineer
2995,Data Analyst
2996,Data Analyst
2997,Data Scientist
2998,Data Scientist
2999,Data Analyst
3000,Data Analyst
3001,Data Engineer
3002,Data Engineer
3003,Data Engineer
3004,Data Engineer
3005,Data Engineer
3006,Data Engineer
3007,Data Analyst
3008,Data Analyst
3009,Data Engineer
3010,Data Engineer
3011,Data Engineer
3012,Data Engineer
3013,Data Engineer
3014,Data Engineer
3015,Data Science Manager
3016,Data Science Manager
3017,Data Scientist
3018,Data Scientist
3019,Data Scientist
3020,Data Scientist
3021,Data Engineer
3022,Data Engineer
3023,Applied Scientist
3024,Applied Scientist
3025,Data Scientist
3026,Data Scientist
3027,Data Science Manager
3028,Data Science Manager
3030,Data Analyst
3031,Data Analyst
3032,Applied Scientist
3033,Applied Scientist
3034,Data Engineer
3035,Data Engineer
3036,Data Analyst
3037,Data Analyst
3038,Applied Scientist
3039,Applied Scientist
3040,Data Engineer
3041,Data Engineer
3042,Data Engineer
3043,Data Engineer
3044,Data Engineer
3045,Data Engineer
3046,Data Engineer
3047,Data Engineer
3048,Data Engineer
3049,Data Engineer
3050,Data Scientist
3051,Data Engineer
3052,Data Engineer
3053,Analytics Engineer
3054,Analytics Engineer
3055,Data Engineer
3056,Data Engineer
3057,Analytics Engineer
3058,Analytics Engineer
3059,Analytics Engineer
3060,Analytics Engineer
3061,Data Engineer
3062,Data Engineer
3063,Data Scientist
3064,Data Scientist
3065,Research Scientist
3066,Research Scientist
3067,Machine Learning Engineer
3068,Machine Learning Engineer
3070,Data Engineer
3071,Data Engineer
3072,Data Scientist
3073,Data Scientist
3074,Machine Learning Engineer
3075,Machine Learning Engineer
3076,Data Scientist
3077,Data Scientist
3078,Data Scientist
3079,Data Scientist
3080,Machine Learning Engineer
3081,Machine Learning Engineer
3082,Data Engineer
3083,Data Engineer
3084,Data Analyst
3085,Data Analyst
3086,Data Analyst
3087,Data Analyst
3088,Data Scientist
3089,Data Scientist
3090,Applied Scientist
3091,Applied Scientist
3092,Data Scientist
3094,Data Engineer
3095,Data Engineer
3096,Data Scientist
3097,Data Scientist
3098,Data Analyst
3099,Data Analyst
3100,Machine Learning Engineer
3101,Machine Learning Engineer
3102,Machine Learning Engineer
3103,Machine Learning Engineer
3104,Data Scientist
3105,Data Scientist
3106,Data Scientist
3107,Data Scientist
3108,Data Scientist
3109,Data Scientist
3110,Data Analyst
3111,Data Analyst
3113,Machine Learning Engineer
3116,Machine Learning Engineer
3117,Machine Learning Engineer
3118,Data Engineer
3119,Data Engineer
3120,Data Analyst
3121,Data Analyst
3122,Data Analyst
3123,Data Analyst
3124,Data Engineer
3125,Data Engineer
3126,Data Engineer
3127,Data Engineer
3128,Data Scientist
3129,Data Scientist
3130,Data Scientist
3131,Data Scientist
3132,Data Scientist
3133,Data Scientist
3134,Data Architect
3135,Data Architect
3136,Data Analyst
3137,Data Analyst
3138,Data Engineer
3139,Data Engineer
3140,Data Engineer
3141,Data Engineer
3142,Data Scientist
3143,Data Scientist
3144,Data Analyst
3145,Data Analyst
3146,Data Analyst
3147,Data Analyst
3148,Data Analyst
3149,Data Analyst
3151,Data Engineer
3152,Data Engineer
3153,Data Engineer
3154,Data Engineer
3157,Data Analyst
3158,Data Analyst
3159,Data Architect
3160,Data Architect
3162,Data Engineer
3163,Data Engineer
3164,Data Engineer
3165,Data Engineer
3166,Data Engineer
3167,Data Engineer
3168,Machine Learning Engineer
3169,Machine Learning Engineer
3170,Data Scientist
3171,Data Scientist
3172,Data Scientist
3173,Data Scientist
3174,Data Engineer
3175,Data Engineer
3176,Data Scientist
3177,Data Scientist
3178,Data Scientist
3179,Data Scientist
3182,Data Analyst
3183,Data Analyst
3184,Data Engineer
3185,Data Engineer
3186,Data Engineer
3187,Data Engineer
3188,Data Scientist
3189,Data Scientist
3190,Data Engineer
3191,Data Engineer
3192,Data Engineer
3193,Data Engineer
3194,Data Scientist
3195,Data Scientist
3196,Data Engineer
3197,Data Engineer
3198,Data Scientist
3199,Data Scientist
3200,Data Analyst
3201,Data Analyst
3202,Data Analyst
3203,Data Analyst
3204,Data Scientist
3205,Data Analyst
3206,Data Scientist
3207,Machine Learning Engineer
3208,Machine Learning Engineer
3209,Data Analyst
3210,Data Analyst
3211,Data Engineer
3212,Data Engineer
3213,Data Scientist
3214,Data Scientist
3216,Data Analyst
3217,Data Analyst
3218,Data Analyst
3219,Data Analyst
3220,Analytics Engineer
3221,Analytics Engineer
3222,Data Analyst
3223,Data Analyst
3224,Data Engineer
3225,Data Engineer
3226,Data Scientist
3227,Data Scientist
3228,Data Scientist
3229,Data Scientist
3230,Data Analyst
3231,Data Analyst
3232,Machine Learning Engineer
3233,Machine Learning Engineer
3234,Research Engineer
3235,Data Analyst
3236,Data Engineer
3237,Data Engineer
3238,Data Engineer
3239,Data Engineer
3240,Data Engineer
3241,Data Engineer
3244,Data Engineer
3245,Data Engineer
3248,Data Engineer
3249,Data Engineer
3250,Data Engineer
3251,Data Engineer
3252,Machine Learning Engineer
3253,Machine Learning Engineer
3254,Data Engineer
3255,Data Engineer
3256,Analytics Engineer
3257,Analytics Engineer
3258,Data Scientist
3259,Data Scientist
3260,Data Analyst
3261,Data Analyst
3262,Data Architect
3263,Data Architect
3266,Data Scientist
3267,Data Scientist
3268,Data Engineer
3269,Data Engineer
3270,Data Scientist
3271,Data Scientist
3272,Data Analyst
3273,Data Analyst
3274,Data Engineer
3275,Data Engineer
3276,Data Engineer
3277,Data Engineer
3278,Data Scientist
3279,Data Scientist
3280,Data Scientist
3281,Analytics Engineer
3282,Analytics Engineer
3283,Data Engineer
3284,Data Engineer
3285,Data Analyst
3286,Data Analyst
3287,Data Engineer
3288,Data Engineer
3289,Data Architect
3290,Data Architect
3291,Data Engineer
3292,Data Engineer
3295,Data Analyst
3296,Data Analyst
3297,Data Engineer
3298,Data Engineer
3299,Data Analyst
3300,Data Analyst
3301,Data Scientist
3302,Data Scientist
3303,Data Scientist
3305,Data Scientist
3307,Data Scientist
3308,Data Engineer
3309,Data Engineer
3310,Data Analyst
3311,Data Analyst
3313,Data Engineer
3314,Data Engineer
3315,Data Engineer
3316,Data Scientist
3317,Data Scientist
3318,Data Scientist
3319,Data Scientist
3320,Data Scientist
3321,Data Scientist
3322,Machine Learning Engineer
3324,Data Scientist
3325,Data Scientist
3326,Data Analyst
3327,Data Analyst
3328,Data Scientist
3329,Data Scientist
3330,Data Engineer
3331,Data Engineer
3332,Data Scientist
3333,Data Scientist
3334,Data Scientist
3335,Data Scientist
3336,Data Engineer
3337,Data Engineer
3338,Data Scientist
3339,Data Scientist
3340,Data Scientist
3341,Data Scientist
3342,Data Scientist
3343,Data Scientist
3344,Data Scientist
3345,Data Scientist
3346,Data Scientist
3347,Data Scientist
3348,Data Engineer
3349,Data Engineer
3350,Data Analyst
3351,Data Analyst
3352,Analytics Engineer
3353,Analytics Engineer
3356,Data Scientist
3357,Data Scientist
3358,Data Analyst
3359,Data Analyst
3360,Data Engineer
3361,Data Engineer
3362,Data Engineer
3363,Data Engineer
3364,Data Scientist
3365,Data Scientist
3366,Data Scientist
3367,Data Scientist
3368,Data Engineer
3369,Data Engineer
3372,Data Analyst
3373,Data Analyst
3374,Data Architect
3375,Data Architect
3376,Data Scientist
3377,Data Scientist
3378,Data Scientist
3379,Data Scientist
3382,Data Analyst
3383,Data Analyst
3386,Data Scientist
3387,Data Scientist
3388,Data Scientist
3390,Data Engineer
3391,Data Engineer
3392,Data Engineer
3393,Data Engineer
3394,Data Architect
3395,Data Architect
3396,Data Scientist
3400,Data Engineer
3401,Data Engineer
3402,Data Analyst
3403,Data Analyst
3404,Data Engineer
3405,Data Engineer
3406,Data Scientist
3407,Data Scientist
3408,Applied Scientist
3409,Applied Scientist
3410,Data Analyst
3411,Data Analyst
3412,Data Scientist
3415,Data Scientist
3416,Data Scientist
3419,Data Analyst
3420,Research Scientist
3421,Research Scientist
3422,Data Engineer
3423,Data Engineer
3424,Analytics Engineer
3425,Analytics Engineer
3426,Machine Learning Engineer
3427,Machine Learning Engineer
3428,Data Engineer
3429,Data Engineer
3430,Analytics Engineer
3431,Analytics Engineer
3433,Data Analyst
3435,Data Engineer
3436,Data Engineer
3437,Data Analyst
3438,Machine Learning Engineer
3439,Machine Learning Engineer
3440,Data Engineer
3441,Data Engineer
3444,Data Engineer
3445,Data Engineer
3446,Data Scientist
3447,Data Engineer
3448,Data Engineer
3449,Data Engineer
3450,Data Engineer
3451,Data Scientist
3452,Data Scientist
3453,Data Engineer
3454,Data Engineer
3457,Data Analyst
3458,Data Analyst
3459,Data Scientist
3460,Data Scientist
3461,Data Science Manager
3462,Data Science Manager
3463,Data Engineer
3464,Data Engineer
3465,Machine Learning Engineer
3466,Machine Learning Engineer
3467,Data Scientist
3468,Data Scientist
3469,Data Architect
3470,Data Architect
3471,Analytics Engineer
3472,Analytics Engineer
3473,Data Scientist
3474,Data Scientist
3475,Data Engineer
3476,Data Engineer
3477,Data Scientist
3478,Data Scientist
3482,Data Scientist
3483,Data Scientist
3484,Data Scientist
3485,Data Scientist
3486,Data Scientist
3487,Data Scientist
3488,Data Analyst
3489,Data Analyst
3490,Data Scientist
3491,Data Scientist
3492,Data Scientist
3493,Data Scientist
3494,Data Scientist
3495,Data Scientist
3496,Machine Learning Engineer
3497,Machine Learning Engineer
3498,Data Scientist
3499,Data Scientist
3500,Data Scientist
3501,Data Scientist
3502,Data Scientist
3503,Data Scientist
3504,Data Scientist
3505,Data Scientist
3506,Data Engineer
3507,Data Engineer
3512,Data Engineer
3513,Data Engineer
3514,Data Engineer
3515,Data Engineer
3516,Data Analyst
3517,Data Analyst
3519,Data Scientist
3520,Data Scientist
3521,Data Analyst
3522,Data Analyst
3524,Data Architect
3525,Data Architect
3526,Machine Learning Engineer
3527,Machine Learning Engineer
3528,Data Architect
3529,Data Architect
3530,Data Architect
3531,Data Architect
3532,Data Engineer
3533,Data Engineer
3535,Data Engineer
3536,Data Engineer
3537,Data Engineer
3538,Data Engineer
3540,Machine Learning Engineer
3542,Data Engineer
3543,Data Engineer
3544,Data Engineer
3545,Data Engineer
3546,Analytics Engineer
3547,Analytics Engineer
3550,Data Scientist
3551,Data Scientist
3554,Data Architect
3555,Data Architect
3556,Data Scientist
3557,Data Scientist
3560,Data Science Manager
3561,Data Science Manager
3562,Data Engineer
3563,Data Engineer
3564,Analytics Engineer
3565,Analytics Engineer
3566,Data Engineer
3567,Data Engineer
3569,Data Engineer
3570,Data Scientist
3571,Data Scientist
3574,Data Analyst
3575,Data Scientist
3576,Data Scientist
3581,Data Scientist
3582,Data Scientist
3584,Data Analyst
3585,Data Analyst
3586,Data Scientist
3587,Data Scientist
3588,Data Engineer
3589,Data Engineer
3590,Data Engineer
3591,Data Engineer
3592,Data Engineer
3593,Data Engineer
3594,Data Engineer
3595,Data Engineer
3596,Data Engineer
3597,Data Engineer
3598,Data Engineer
3599,Data Scientist
3600,Data Scientist
3601,Data Analyst
3602,Applied Scientist
3603,Applied Scientist
3604,Data Scientist
3605,Data Scientist
3606,Data Analyst
3607,Data Scientist
3608,Data Scientist
3609,Analytics Engineer
3610,Analytics Engineer
3611,Data Engineer
3612,Data Engineer
3613,Data Scientist
3614,Data Scientist
3615,Data Scientist
3616,Data Scientist
3617,Data Scientist
3618,Data Scientist
3619,Data Scientist
3620,Data Scientist
3622,Data Engineer
3623,Data Engineer
3624,Data Engineer
3625,Data Engineer
3626,Data Engineer
3627,Data Engineer
3628,Data Scientist
3629,Data Scientist
3630,Data Scientist
3631,Data Scientist
3632,Analytics Engineer
3633,Analytics Engineer
3634,Data Scientist
3635,Data Scientist
3636,Data Engineer
3637,Data Engineer
3638,Data Scientist
3639,Data Scientist
3640,Data Scientist
3641,Data Scientist
3642,Data Analyst
3643,Data Scientist
3646,Data Analyst
3647,Data Engineer
3651,Data Scientist
3652,Data Scientist
3653,Analytics Engineer
3654,Analytics Engineer
3655,Data Scientist
3656,Data Scientist
3658,Data Scientist
3659,Data Scientist
3660,Data Scientist
3661,Data Scientist
3662,Data Scientist
3663,Data Scientist
3667,Analytics Engineer
3668,Data Analyst
3669,Data Scientist
3670,Data Scientist
3673,Data Analyst
3675,Data Scientist
3676,Data Scientist
3678,Analytics Engineer
3679,Analytics Engineer
3680,Data Scientist
3681,Data Scientist
3682,Research Scientist
3683,Data Engineer
3684,Data Engineer
3687,Data Scientist
3688,Data Scientist
3689,Data Scientist
3690,Data Engineer
3691,Data Engineer
3692,Analytics Engineer
3693,Analytics Engineer
3694,Analytics Engineer
3695,Analytics Engineer
3696,Data Engineer
3697,Data Engineer
3701,Machine Learning Engineer
3702,Data Scientist
3703,Data Scientist
3705,Data Scientist
3706,Data Scientist
3707,Machine Learning Engineer
3708,Machine Learning Engineer
3710,Data Science Manager
3711,Data Science Manager
3712,Data Scientist
3713,Data Scientist
3714,Analytics Engineer
3715,Analytics Engineer
3716,Data Analyst
3717,Data Analyst
3718,Data Scientist
3719,Data Scientist
3722,Data Engineer
3723,Data Engineer
3724,Machine Learning Engineer
3725,Machine Learning Engineer
3726,Data Science Manager
3727,Data Science Manager
3728,Machine Learning Engineer
3729,Machine Learning Engineer
3730,Data Architect
3731,Data Architect
3732,Data Engineer
3733,Data Engineer
3734,Machine Learning Engineer
3735,Machine Learning Engineer
3736,Data Engineer
3737,Data Engineer
3738,Analytics Engineer
3739,Analytics Engineer
3740,Data Engineer
3741,Data Engineer
3742,Data Analyst
3743,Data Analyst
3744,Data Engineer
3745,Data Engineer
3746,Machine Learning Engineer
3747,Machine Learning Engineer
3748,Machine Learning Engineer
3749,Data Analyst
3750,Data Analyst
3751,Data Analyst
3752,Data Analyst
3753,Data Engineer
3754,Data Engineer
3755,Machine Learning Engineer
3756,Machine Learning Engineer
3757,Data Analyst
3758,Data Scientist
3759,Data Scientist
3761,Data Scientist
3762,Data Scientist
3763,Data Engineer
3764,Data Engineer
3765,Data Architect
3766,Data Architect
3767,Data Analyst
3768,Data Scientist
3770,Data Architect
3771,Data Architect
3772,Data Science Manager
3773,Data Science Manager
3774,Data Engineer
3775,Data Engineer
3776,Data Engineer
3777,Data Engineer
3778,Data Engineer
3779,Data Engineer
3780,Machine Learning Engineer
3781,Machine Learning Engineer
3782,Data Engineer
3783,Data Engineer
3784,Machine Learning Engineer
3785,Machine Learning Engineer
3786,Machine Learning Engineer
3787,Data Scientist
3788,Data Scientist
3789,Data Analyst
3790,Data Analyst
3793,Data Analyst
3795,Data Scientist
3798,Research Scientist
3799,Data Scientist
3800,Analytics Engineer
3801,Data Science Manager
3802,Data Science Manager
3803,Data Engineer
3804,Data Engineer
3805,Data Analyst
3806,Data Analyst
3808,Data Scientist
3810,Data Engineer
3811,Data Engineer
3812,Analytics Engineer
3813,Analytics Engineer
3814,Data Engineer
3815,Data Engineer
3816,Data Architect
3817,Data Architect
3818,Data Engineer
3819,Data Engineer
3820,Analytics Engineer
3821,Data Engineer
3822,Data Engineer
3823,Data Scientist
3824,Data Scientist
3827,Machine Learning Engineer
3828,Data Analyst
3829,Data Engineer
3830,Data Engineer
3831,Data Scientist
3832,Data Science Manager
3833,Data Science Manager
3834,Data Engineer
3835,Data Engineer
3836,Data Scientist
3837,Data Analyst
3838,Data Analyst
3839,Machine Learning Engineer
3840,Machine Learning Engineer
3841,Data Analyst
3842,Data Analyst
3843,Data Scientist
3844,Data Scientist
3845,Data Engineer
3846,Data Engineer
3847,Data Engineer
3848,Data Engineer
3849,Data Analyst
3850,Data Analyst
3851,Data Engineer
3852,Data Engineer
3853,Data Engineer
3854,Data Engineer
3855,Data Scientist
3856,Data Scientist
3858,Data Scientist
3859,Data Analyst
3862,Data Scientist
3863,Data Engineer
3864,Data Engineer
3865,Data Analyst
3866,Data Analyst
3868,Data Scientist
3869,Data Scientist
3870,Machine Learning Engineer
3871,Machine Learning Engineer
3872,Data Analyst
3873,Data Analyst
3874,Data Engineer
3875,Data Engineer
3876,Data Science Manager
3877,Machine Learning Engineer
3878,Data Engineer
3879,Data Engineer
3880,Data Scientist
3881,Data Scientist
3882,Data Analyst
3883,Data Analyst
3886,Data Science Manager
3887,Data Science Manager
3888,Data Engineer
3890,Machine Learning Engineer
3891,Machine Learning Engineer
3893,Data Analyst
3894,Data Analyst
3897,Data Scientist
3898,Data Engineer
3899,Data Engineer
3900,Data Scientist
3901,Data Scientist
3902,Data Engineer
3903,Data Engineer
3904,Data Analyst
3905,Data Analyst
3906,Data Engineer
3907,Data Engineer
3908,Machine Learning Engineer
3909,Data Analyst
3910,Data Analyst
3911,Data Scientist
3912,Data Scientist
3913,Machine Learning Engineer
3914,Machine Learning Engineer
3918,Data Engineer
3919,Data Engineer
3920,Data Architect
3921,Data Architect
3922,Data Engineer
3923,Data Engineer
3924,Data Analyst
3925,Data Analyst
3927,Machine Learning Engineer
3928,Data Engineer
3929,Data Engineer
3930,Data Analyst
3931,Data Analyst
3932,Data Analyst
3933,Data Analyst
3934,Data Engineer
3935,Data Engineer
3936,Data Engineer
3937,Data Engineer
3938,Data Engineer
3939,Data Engineer
3940,Machine Learning Engineer
3941,Machine Learning Engineer
3942,Data Analyst
3943,Data Analyst
3944,Data Engineer
3945,Data Engineer
3946,Data Scientist
3947,Data Scientist
3948,Data Engineer
3949,Data Engineer
3950,Data Scientist
3951,Data Scientist
3952,Data Scientist
3953,Data Scientist
3954,Data Engineer
3955,Data Engineer
3956,Data Engineer
3957,Data Engineer
3958,Machine Learning Engineer
3960,Data Engineer
3961,Data Engineer
3964,Data Science Manager
3965,Data Science Manager
3966,Data Scientist
3967,Data Scientist
3968,Data Analyst
3969,Data Analyst
3970,Data Engineer
3971,Data Engineer
3972,Data Engineer
3973,Data Engineer
3974,Data Scientist
3975,Data Scientist
3976,Data Engineer
3977,Data Engineer
3978,Data Scientist
3979,Data Scientist
3980,Data Analyst
3981,Data Analyst
3982,Data Engineer
3983,Data Engineer
3984,Data Engineer
3985,Data Engineer
3986,Data Scientist
3987,Data Scientist
3988,Data Analyst
3989,Data Analyst
3990,Data Analyst
3991,Data Analyst
3992,Data Analyst
3993,Data Analyst
3994,Data Scientist
3995,Data Scientist
3996,Data Engineer
3997,Data Engineer
3998,Data Analyst
3999,Data Analyst
4000,Data Scientist
4001,Data Scientist
4002,Data Scientist
4003,Data Scientist
4004,Data Scientist
4005,Data Scientist
4006,Data Engineer
4007,Data Engineer
4008,Data Analyst
4009,Data Analyst
4010,Data Analyst
4011,Data Analyst
4012,Data Science Manager
4013,Data Science Manager
4014,Data Scientist
4015,Data Scientist
4016,Data Engineer
4017,Data Engineer
4018,Data Scientist
4019,Data Scientist
4020,Data Architect
4021,Data Architect
4022,Data Analyst
4023,Data Analyst
4024,Data Analyst
4025,Data Analyst
4026,Data Engineer
4027,Data Engineer
4028,Data Scientist
4029,Data Scientist
4030,Data Analyst
4031,Data Analyst
4032,Data Analyst
4033,Data Analyst
4034,Data Analyst
4035,Data Analyst
4036,Data Engineer
4037,Data Engineer
4038,Data Engineer
4039,Data Engineer
4040,Data Analyst
4041,Data Analyst
4042,Data Engineer
4043,Data Engineer
4046,Analytics Engineer
4047,Analytics Engineer
4048,Data Engineer
4049,Data Engineer
4050,Data Engineer
4051,Data Engineer
4052,Data Scientist
4053,Data Scientist
4054,Data Scientist
4055,Data Scientist
4056,Data Engineer
4057,Data Engineer
4058,Data Engineer
4059,Data Engineer
4060,Data Scientist
4061,Data Scientist
4062,Analytics Engineer
4063,Analytics Engineer
4064,Data Engineer
4065,Data Engineer
4066,Data Analyst
4067,Data Analyst
4068,Data Engineer
4069,Data Engineer
4070,Data Analyst
4071,Data Analyst
4072,Data Analyst
4073,Data Analyst
4074,Machine Learning Engineer
4075,Machine Learning Engineer
4076,Data Architect
4077,Data Architect
4078,Data Engineer
4079,Data Engineer
4080,Data Scientist
4081,Data Scientist
4082,Data Analyst
4083,Data Analyst
4084,Data Engineer
4085,Data Engineer
4086,Data Engineer
4087,Data Engineer
4088,Data Analyst
4089,Data Analyst
4090,Data Analyst
4091,Data Analyst
4092,Data Architect
4093,Data Architect
4094,Data Scientist
4095,Data Scientist
4098,Data Analyst
4099,Data Analyst
4100,Data Scientist
4101,Data Scientist
4102,Data Analyst
4103,Data Analyst
4104,Data Engineer
4105,Data Engineer
4106,Data Analyst
4107,Data Analyst
4108,Data Scientist
4109,Data Scientist
4110,Data Scientist
4111,Data Scientist
4112,Data Scientist
4113,Data Scientist
4114,Data Analyst
4115,Data Analyst
4116,Data Scientist
4117,Data Scientist
4118,Data Analyst
4119,Data Analyst
4120,Data Engineer
4121,Data Engineer
4122,Data Analyst
4123,Data Analyst
4124,Data Engineer
4125,Data Engineer
4126,Data Analyst
4127,Data Analyst
4128,Data Analyst
4129,Data Analyst
4130,Data Scientist
4131,Data Scientist
4132,Data Analyst
4133,Data Analyst
4134,Data Scientist
4135,Data Scientist
4136,Data Scientist
4137,Data Scientist
4138,Machine Learning Engineer
4139,Machine Learning Engineer
4140,Data Scientist
4141,Data Scientist
4142,Machine Learning Engineer
4143,Machine Learning Engineer
4144,Data Engineer
4145,Data Engineer
4146,Data Engineer
4147,Data Engineer
4148,Data Scientist
4149,Data Scientist
4150,Data Engineer
4151,Data Engineer
4155,Machine Learning Engineer
4157,Data Scientist
4159,Data Engineer
4160,Data Scientist
4164,Data Engineer
4165,Machine Learning Engineer
4166,Data Scientist
4167,Data Scientist
4169,Data Analyst
4172,Data Scientist
4173,Data Scientist
4174,Data Engineer
4175,Data Engineer
4176,Machine Learning Engineer
4177,Data Scientist
4179,Machine Learning Engineer
4180,Data Engineer
4181,Research Scientist
4182,Data Scientist
4183,Data Scientist
4185,Data Scientist
4187,Data Scientist
4191,Research Scientist
4192,Data Engineer
4193,Research Scientist
4194,Data Science Manager
4195,Research Scientist
4196,Data Scientist
4198,Data Engineer
4199,Data Science Manager
4200,Data Analyst
4201,Data Scientist
4203,Data Scientist
4205,Data Engineer
4206,Data Scientist
4212,Data Analyst
4213,Data Scientist
4214,Data Scientist
4215,Data Scientist
4216,Research Scientist
4221,Data Scientist
4222,Data Scientist
4224,Data Engineer
4226,Machine Learning Engineer
4228,Data Scientist
4230,Data Analyst
4233,Data Analyst
4236,Data Engineer
4238,Data Engineer
4239,Machine Learning Engineer
4240,Data Engineer
4241,Research Scientist
4242,Data Engineer
4243,Data Architect
4244,Data Architect
4247,Data Engineer
4251,Data Scientist
4254,Machine Learning Engineer
4256,Research Scientist
4257,Data Analyst
4258,Data Engineer
4260,Data Science Manager
4261,Data Scientist
4262,Data Scientist
4263,Data Scientist
4265,Data Engineer
4266,Data Engineer
4267,Data Analyst
4268,Data Analyst
4269,Data Scientist
4273,Machine Learning Engineer
4275,Data Engineer
4277,Research Scientist
4278,Machine Learning Engineer
4279,Data Analyst
4280,Data Analyst
4281,Data Analyst
4282,Machine Learning Engineer
4283,Data Engineer
4286,Data Analyst
4287,Data Scientist
4289,Data Scientist
4292,Data Engineer
4298,Data Engineer
4299,Machine Learning Engineer
4300,Data Engineer
4301,Data Engineer
4302,Data Engineer
4303,Research Scientist
4304,Data Analyst
4305,Data Engineer
4306,Data Engineer
4308,Data Engineer
4312,Data Scientist
4314,Data Scientist
4316,Data Engineer
4318,Data Scientist
4319,Data Engineer
4320,Data Engineer
4321,Data Analyst
4322,Data Scientist
4323,Research Scientist
4324,Data Scientist
4325,Data Engineer
4326,Data Analyst
4327,Data Engineer
4329,Data Engineer
4330,Data Engineer
4331,Data Scientist
4332,Data Engineer
4333,Data Analyst
4335,Data Scientist
4336,Data Analyst
4337,Data Scientist
4338,Data Engineer
4339,Research Scientist
4341,Research Scientist
4344,Data Architect
4345,Data Analyst
4347,Data Engineer
4349,Data Engineer
4350,Data Scientist
4351,Data Engineer
4352,Machine Learning Engineer
4353,Data Engineer
4354,Research Scientist
4355,Data Engineer
4356,Machine Learning Engineer
4357,Data Scientist
4359,Data Scientist
4360,Data Scientist
4361,Data Scientist
4362,Machine Learning Engineer
4365,Data Analyst
4366,Data Engineer
4367,Data Engineer
4368,Data Engineer
4369,Data Engineer
4371,Data Scientist
4372,Machine Learning Engineer
4373,Data Scientist
4374,Data Analyst
4378,Data Analyst
4379,Data Scientist
4380,Data Scientist
4381,Machine Learning Engineer
4382,Data Science Manager
4383,Machine Learning Engineer
4385,Data Scientist
4386,Research Scientist
4387,Data Science Manager
4389,Machine Learning Engineer
4391,Data Scientist
4392,Data Scientist
4395,Data Scientist
4397,Data Engineer
4398,Data Scientist
4400,Data Scientist
4401,Machine Learning Engineer
4402,Data Scientist
4404,Data Scientist
4406,Data Scientist
4407,Data Analyst
4410,Data Scientist
4411,Data Scientist
4412,Data Scientist
4413,Machine Learning Engineer
4414,Data Analyst
4415,Data Engineer
4417,Machine Learning Engineer
4421,Data Scientist
4423,Data Engineer
4425,Data Engineer
4426,Research Scientist
4427,Machine Learning Engineer
4429,Data Engineer
4431,Machine Learning Engineer
4433,Data Scientist
4434,Research Scientist
4436,Data Scientist
4437,Data Engineer
4439,Data Scientist
4441,Data Scientist
4442,Data Scientist
4443,Data Scientist
4444,Data Engineer
4446,Data Scientist
4447,Data Scientist
4450,Data Engineer
4451,Machine Learning Engineer
4452,Data Science Manager
4455,Data Scientist
4460,Data Scientist
4461,Data Scientist
4463,Data Scientist
4464,Data Scientist
4465,Data Scientist
4469,Data Analyst
4470,Data Analyst
4471,Data Scientist
4472,Data Engineer
4473,Data Science Manager
4474,Data Scientist
4475,Data Scientist
4476,Data Engineer
4477,Machine Learning Engineer
4479,Data Scientist
4481,Data Engineer
4483,Data Scientist
4485,Data Scientist
4487,Data Science Manager
